Title,URL,Username,Password,Notes,OTPAuth
www.aa.com (5624549231),https://www.aa.com/,5624549231,tba-Th5-azI-j6K,,
www.aa.com (A41TD94),https://www.aa.com/,A41TD94,tba-Th5-azI-j6K,,
www.abercrombie.com (jotter20@icloud.com),https://www.abercrombie.com/,jotter20@icloud.com,jubme6-rekrav-Manmet,,
accounts.acm.org (favorite basketball team),https://accounts.acm.org/,favorite basketball team,dossop-3kivpa-xYdbap,,
my.act.org (jotter20@icloud.com),https://my.act.org/,jotter20@icloud.com,$Reader12,,
s.activision.com (jotter20@icloud.com),https://s.activision.com/,jotter20@icloud.com,jubme6Manmet,,
services.actstudent.org (Jcatx),https://services.actstudent.org/,Jcatx,6K30JkFzRgTB,,
services.actstudent.org (Jcatx18),https://services.actstudent.org/,Jcatx18,6K30JkFzRgTB,,
www.adidas.com (jotter20@icloud.com),https://www.adidas.com/,jotter20@icloud.com,rystyh-jatwu2-syRquh,,
adobeid.services.adobe.com (jotter20@icloud.com),https://adobeid.services.adobe.com/,jotter20@icloud.com,wamjyb-cEptyt-6sifti,,
adobeid-na1.services.adobe.com (jotter20@icloud.com),https://adobeid-na1.services.adobe.com/,jotter20@icloud.com,wamjyb-cEptyt-6sifti,,
auth.services.adobe.com (jotter20@icloud.com),https://auth.services.adobe.com/,jotter20@icloud.com,wamjyb-cEptyt-6sifti,,
www.afw.com (jotter20@icloud.com),https://www.afw.com/,jotter20@icloud.com,syzqes-8qagva-dufnUt,,
www.airbnb.com (cjoeld2024@gmail.com),https://www.airbnb.com/,cjoeld2024@gmail.com,gibNar-kicxut-nemxu5,,
portal.airrosti.com (dcjfcarlson),https://portal.airrosti.com/,dcjfcarlson,juFjok-woxke6-hatneh,,
login.alamo.edu (901328600),https://login.alamo.edu/,901328600,CA071401,,
login.alamo.edu (jcalrson33),https://login.alamo.edu/,jcalrson33,CA071401,,
alamoaces.alamo.edu (jcarlson33),https://alamoaces.alamo.edu:8447/,jcarlson33,$Reader18,,
login.alamo.edu (jcarlson33),https://login.alamo.edu/,jcarlson33,CA071401,,
www.alibris.com (jflashdc@outlook.com),https://www.alibris.com/,jflashdc@outlook.com,duzko0-Wobraz-guzhyx,,
na.account.amazon.com (jotter20@icloud.com),https://na.account.amazon.com/,jotter20@icloud.com,xyjrir-Fyxvuf-wahbi5,,
www.amazon.com (jotter20@icloud.com),https://www.amazon.com/,jotter20@icloud.com,xyjrir-Fyxvuf-wahbi5,,
www.amazon.com (tesorormipad@gmail.com),https://www.amazon.com/,tesorormipad@gmail.com,caRefiner#1,,
amazon.com (tesorormipad@gmail.com),http://amazon.com/,tesorormipad@gmail.com,caRefiner#1,,
gvh.ambrahealth.com (cjoeld2024@gmail.com),https://gvh.ambrahealth.com/,cjoeld2024@gmail.com,3xyjrir-Fyxvuf-wahbi2,,
access.ambrahealth.com (cjoeld2024@gmail.com),https://access.ambrahealth.com/,cjoeld2024@gmail.com,3xyjrir-Fyxvuf-wahbi2,,
www.americastestkitchen.com (dcjfcarlson@gmail.com),https://www.americastestkitchen.com/,dcjfcarlson@gmail.com,21TxSCaHi!,,
www.ancestry.com (jflashdc@outlook.com),https://www.ancestry.com/,jflashdc@outlook.com,mivWoz-sympyf-5rawsy,,
www.anthem.com (cjoeld2024@gmail.com),https://www.anthem.com/,cjoeld2024@gmail.com,ripjiqqevXov7fekni,,
www.appannie.com (jcarlson20@student.vcschools.org),https://www.appannie.com/,jcarlson20@student.vcschools.org,fQv-hc3-hGD-ZFX,,
appleid.apple.com (0428fydneyjohnston0428@gmail.com),https://appleid.apple.com/,0428fydneyjohnston0428@gmail.com,Sydney26,,
idmsa.apple.com (0428fydneyjohnston0428@gmail.com),https://idmsa.apple.com/,0428fydneyjohnston0428@gmail.com,Sydney26,,
appleid.apple.com (jfla),https://appleid.apple.com/,jfla,pHa8He7UpHa8He7U,,
apple.com (jflashdc@outlook.com),https://apple.com/,jflashdc@outlook.com,qozzut-qikqu2-Nyzcoc,,
arc.com (jflashdc@outlook.com),https://arc.com/,jflashdc@outlook.com,becpiz-Sypdyd-8nowfi,,
account.arena.net (jotter20@icloud.com),https://account.arena.net/,jotter20@icloud.com,ryhje6-qaqnyX-wojnov,,
my.armssoftware.com (joel.carlson@western.edu),https://my.armssoftware.com/,joel.carlson@western.edu,stu686191,,
id.asics.com (jflashdc@outlook.com),https://id.asics.com/,jflashdc@outlook.com,sacdef-sirci7-wyxTer,,
my.asos.com (jotter20@icloud.com),https://my.asos.com/,jotter20@icloud.com,wyzjiv-Bogqow-xedvy6,,
myidentity.platform.athenahealth.com (cjoeld2024@gmail.com),https://myidentity.platform.athenahealth.com/,cjoeld2024@gmail.com,Reader21,,
athenanet.athenahealth.com (cjoeld2024@gmail.com),https://athenanet.athenahealth.com/,cjoeld2024@gmail.com,Reader21,,
www.athletic.net (jotter20@icloud.com),https://www.athletic.net/,jotter20@icloud.com,fycraz-9xezDy-miwmyd,,
www.athomeprep.com (cjoeld2024@gmail.com),https://www.athomeprep.com/,cjoeld2024@gmail.com,pha8he7UU7eH8aHp,,
www.atsusers.com,https://www.atsusers.com/,,gurfip-8Wefqy-sorjof,,
www.atsusers.com (686191),https://www.atsusers.com/,686191,figfib-puGzab-copjy6,,
www.att.com (3107824940),https://www.att.com/,3107824940,caRefiner2,,
shop.aukey.com (jotter20@icloud.com),https://shop.aukey.com/,jotter20@icloud.com,jibxAz-jaxka9-fenhyj,,
hunter.aylanetworks.com (jotter20@icloud.com),https://hunter.aylanetworks.com/,jotter20@icloud.com,Reader17,,
user-field.aylanetworks.com (jotter20@icloud.com),https://user-field.aylanetworks.com/,jotter20@icloud.com,sygva4-Jonguj-kupduz,,
primaryauth.b2clogin.com (cjoeld2024@gmail.com),https://primaryauth.b2clogin.com/,cjoeld2024@gmail.com,$Reader21,,
www.barnesandnoble.com (jflashdc@outlook.com),https://www.barnesandnoble.com/,jflashdc@outlook.com,gopce9-timvoK,,
www.bbcamerica.com (jflashdc@outlook.com),http://www.bbcamerica.com/,jflashdc@outlook.com,zeNki8-zuvzyv-tyrrag,,
www.bestbuy.com (jcarlson20@student.vcschools.org),https://www.bestbuy.com/,jcarlson20@student.vcschools.org,6Zdc4cCA9U34,,
www-ssl.bestbuy.com (jcarlson20@student.vcschools.org),https://www-ssl.bestbuy.com/,jcarlson20@student.vcschools.org,6Zdc4cCA9U34,,
www.bible.com (jotter20),https://www.bible.com/,jotter20,Reader22,,
www.bible.com (jotter20@icloud.com),http://www.bible.com/,jotter20@icloud.com,Reader22,,
www.bigoven.com (JCotX),https://www.bigoven.com/,JCotX,qivFyq-7qigzu-quhqed,,
eacct-wcu-sp.blackboard.com (JCATX),https://eacct-wcu-sp.blackboard.com/,JCATX,wavjim-1tefxy-pEwbyp,,
eacct-wcu-sp.blackboard.com (Stu686191),https://eacct-wcu-sp.blackboard.com/,Stu686191,Reader20,,
bonobos.com (jflashdc@outlook.com),https://bonobos.com/,jflashdc@outlook.com,wojjux-Tucrak-figcy6,,
bonxmedia.com (jotter20@icloud.com),https://bonxmedia.com/,jotter20@icloud.com,NsZ-CQR-JEq-cx2,,
www.botb.com (jotter20@icloud.com),https://www.botb.com/,jotter20@icloud.com,Reader19,,
m.bpt.me (jotter20@icloud.com),https://m.bpt.me/,jotter20@icloud.com,Reader12,,
www.brainpop.com (Jcarlson20),https://www.brainpop.com/,Jcarlson20,pha8He7U,,
sjobs.brassring.com (cjoeld2024@gmail.com),https://sjobs.brassring.com/,cjoeld2024@gmail.com,fuzmuh-2zitju-zokbuW,,
xjobs.brassring.com (jflashdc@outlook.com),https://xjobs.brassring.com/,jflashdc@outlook.com,qaqfec-5jahfo-wozguT,,
sjobs.brassring.com (jflashdc@outlook.com),https://sjobs.brassring.com/,jflashdc@outlook.com,qaqfec-5jahfo-wozguT,,
calm.com (jotter20@icloud.com),http://calm.com/,jotter20@icloud.com,Reader20,,
ldap.campuslabs.com (stu686191),https://ldap.campuslabs.com/,stu686191,movroh-2pambU-rosvof,,
www.carid.com (jotter20@icloud.com),https://www.carid.com/,jotter20@icloud.com,Reader17,,
www.carvana.com (jotter20@icloud.com),https://www.carvana.com/,jotter20@icloud.com,Pen-Re7-84r-myz,,
www.carved.com (jotter20@icloud.com),https://www.carved.com/,jotter20@icloud.com,feqmod-7najki-Wocqyk,,
order.cava.com (jflashdc@outlook.vom),https://order.cava.com/,jflashdc@outlook.vom,pyvtoh-bejsac-2Fympa,,
nglsync.cengage.com (jcatx),https://nglsync.cengage.com/,jcatx,Reader20,,
www.cengage.com (jcatx),https://www.cengage.com/,jcatx,Reader20,,
login.cengagebrain.com (joelcarlson@sachristian.org),https://login.cengagebrain.com/,joelcarlson@sachristian.org,Reader20,,
www.cepcompression.com (jflashdc@outlook.com),https://www.cepcompression.com/,jflashdc@outlook.com,coQsoh-kahre5-duwvih,,
login.my.chick-fil-a.com (jotter20@icloud.com),https://login.my.chick-fil-a.com/,jotter20@icloud.com,Reader16,,
chipotle.com (jotter20@icloud.com),http://chipotle.com/,jotter20@icloud.com,$Reader20,,
www.chubbiesshorts.com (jotter20@icloud.com),https://www.chubbiesshorts.com/,jotter20@icloud.com,duwpok-wokran-ceqQa0,,
res.cisco.com,https://res.cisco.com/,,xyspep-5Jadgu-ryxcuw,,
www.citizengoods.com (jotter20@icloud.com),https://www.citizengoods.com/,jotter20@icloud.com,Reader12,,
www.citymarket.com (jflashdc@outlook.com),https://www.citymarket.com/,jflashdc@outlook.com,gehni4-zaZduf-cyqqyp,,
blackrifle.clearcompany.com (cjoeld2024@gmail.com),https://blackrifle.clearcompany.com/,cjoeld2024@gmail.com,byvqaz-nazqop-Kunra8,,
my.clearme.com (cjoeld2024@gmail.com),https://my.clearme.com/,cjoeld2024@gmail.com,zIvjak-0wymjy-cexjyc,,
www.cnet.com (jflashdc@outlook.com),https://www.cnet.com/,jflashdc@outlook.com,Reader15,,
login.coinbase.com (cjoeld2024@gmail.com),https://login.coinbase.com/,cjoeld2024@gmail.com,ReapHa8He7Uder12,,
www.coinbase.com (cjoeld2024@gmail.com),https://www.coinbase.com/,cjoeld2024@gmail.com,ReapHa8He7Uder12,,
account.collegeboard.org (JFLASHFIRE),https://account.collegeboard.org/,JFLASHFIRE,Reader15,,
myap.collegeboard.org (JFLASHFIRE),https://myap.collegeboard.org/,JFLASHFIRE,Reader15,,
www.collegeboard.org (JFLASHFIRE),https://www.collegeboard.org/,JFLASHFIRE,Reader15,,
studentscores.collegeboard.org (JFLASHFIRE),https://studentscores.collegeboard.org/,JFLASHFIRE,Reader15,,
collegereadiness.collegeboard.org (jflashfire15),https://collegereadiness.collegeboard.org/,jflashfire15,Reader17,,
apstudents.collegeboard.org (jflashfire15),https://apstudents.collegeboard.org/,jflashfire15,Reader17,,
account.collegeboard.org (jflashfire15),https://account.collegeboard.org/,jflashfire15,Reader17,,
myap.collegeboard.org (jflashfire15),https://myap.collegeboard.org/,jflashfire15,Reader17,,
apscore.collegeboard.org (jflashfire15),https://apscore.collegeboard.org/,jflashfire15,Reader17,,
studentscores.collegeboard.org (jflashfire15),https://studentscores.collegeboard.org/,jflashfire15,Reader17,,
www.collegexpress.com (jflashdc@outlook.com),https://www.collegexpress.com/,jflashdc@outlook.com,Reader18,,
identikey.colorado.edu (joca9335),https://identikey.colorado.edu/,joca9335,weBgyx-ryhxup-0hykpi,,
fedauth.colorado.edu (joca9335),https://fedauth.colorado.edu/,joca9335,weBgyx-ryhxup-0hykpi,,
ugrad.apply.colorado.edu (joel.carlson@western.edu),https://ugrad.apply.colorado.edu/,joel.carlson@western.edu,zehxah-mUwfef-naqfi8,,
fedauth.colorado.edu (joel.carlson@western.edu),https://fedauth.colorado.edu/,joel.carlson@western.edu,zehxah-mUwfef-naqfi8,,
app.commonapp.org (cjoeld2024@gmail.com),https://app.commonapp.org/,cjoeld2024@gmail.com,gugxuf-wyFqor-1budwe,,
apply.commonapp.org (cjoeld2024@gmail.com),https://apply.commonapp.org/,cjoeld2024@gmail.com,gugxuf-wyFqor-1budwe,,
apply.transfer.commonapp.org (JUTSAC),https://apply.transfer.commonapp.org/,JUTSAC,suzro6-kubhom-Puwduf,,
id.condenast.com (jflashdc@outlook.com),https://id.condenast.com/,jflashdc@outlook.com,borkyk-cyVdos-7vufny,,
studentadmin.connectnd.us (joel.carlson.1),https://studentadmin.connectnd.us/,joel.carlson.1,wanrax-sixgop-Wivmo5,,
control4.co (tesorormipad@gmail.com),https://control4.co/,tesorormipad@gmail.com,joelD#01,,
control4.com (tesorormipad@gmail.com),https://control4.com/,tesorormipad@gmail.com,joelD#01,,
www.copart.com (480078),https://www.copart.com/,480078,N5YtoKjCJ5,,
accounts.craigslist.org,https://accounts.craigslist.org/,,jyzbyq-kykDop-9qasma,,
www.crutchfield.com (jotter20@icloud.com),https://www.crutchfield.com/,jotter20@icloud.com,Reader18,,
cvs.com (jcarlson20@student.vcschools.org),http://cvs.com/,jcarlson20@student.vcschools.org,Reader20,,
mychart.cvshealth.com (cjoeld),https://mychart.cvshealth.com/,cjoeld,wewme8-hybXez-burwaw,,
www.dealdash.com (JCaTx),https://www.dealdash.com/,JCaTx,Reader20,,
m.dickssportinggoods.com (jotter20@icloud.com),https://m.dickssportinggoods.com/,jotter20@icloud.com,$Reader22,,
sso.dickssportinggoods.com (jotter20@icloud.com),https://sso.dickssportinggoods.com/,jotter20@icloud.com,$Reader22,,
www.directathletics.com (flashfire15),https://www.directathletics.com/,flashfire15,Reader16,,
discord.com,https://discord.com/,,gyrnuk-5puhvu-wadpuP,,
discordapp.com (Jflashfire15),https://discordapp.com/,Jflashfire15,Reader12,,
www.disneyplus.com (tesorormipad@gmail.com),https://www.disneyplus.com/,tesorormipad@gmail.com,caRefiner#1,,
www.doordash.com,https://www.doordash.com/,,hirnah-8tihsa-fynMyf,,
sso.accounts.dowjones.com (jflashdc@outlook.com),https://sso.accounts.dowjones.com/,jflashdc@outlook.com,Reader21,,
sso.accounts.dowjones.com (jotter20@icloud.com),https://sso.accounts.dowjones.com/,jotter20@icloud.com,Reader21,,
driversed.com (jcarlson20@student.vcschools.org),https://driversed.com/,jcarlson20@student.vcschools.org,demolition1,,
www.dropbox.com (jflash),https://www.dropbox.com/,jflash,Barrib-5nixni-nomdij,,
www.dropbox.com (jflashdc@outlook.com),https://www.dropbox.com/,jflashdc@outlook.com,Barrib-5nixni-nomdij,,
dynamic.watch (jottet20@icloud.com),https://dynamic.watch/,jottet20@icloud.com,Reader15,,
www.e-rewards.com (jotter20@icloud.com),https://www.e-rewards.com/,jotter20@icloud.com,Reader16,,
signin.ea.com (JFlashFire15),https://signin.ea.com/,JFlashFire15,n8k-sXL-kpE-C6A,,
signin.ea.com (jotter20@icloud.com),https://signin.ea.com/,jotter20@icloud.com,x=/-Y?7-++?-B%i,,
signin.ebay.com (jflashdc@outlook.com),https://signin.ebay.com/,jflashdc@outlook.com,Reader20,,
ebay.com (jflashdc@outlook.com),https://ebay.com/,jflashdc@outlook.com,Reader20,,
www.ebay.com (jflashdc@outlook.com),https://www.ebay.com/,jflashdc@outlook.com,Reader20,,
search.ebscohost.com (vcs1935),http://search.ebscohost.com/,vcs1935,crusader,,
fsaid.ed.gov (cjoeld),https://fsaid.ed.gov/,cjoeld,ducmuj-2mIpna-mopkuh,,
editmypaper.ca (jcarlson20@student.vcschools.org),https://editmypaper.ca/,jcarlson20@student.vcschools.org,EMZ-Q9R-ySt-UPk,,
www.enrole.com (joel.carlson@western.edu),https://www.enrole.com/,joel.carlson@western.edu,vistyj-rejsop-xiNvu9,,
enroll.envisionexperience.com (Carlson),https://enroll.envisionexperience.com/,Carlson,918423-79044182,,
www.epicgames.com (jotter20@icloud.com),https://www.epicgames.com/,jotter20@icloud.com,$Reader21,,
www.etsy.com (jotter20@icloud.com),https://www.etsy.com/,jotter20@icloud.com,joelella,,
everyplay.com (Jflashfire15),https://everyplay.com/,Jflashfire15,Reader12,,
www.evite.com (dcjfcarlson@gmail.com),https://www.evite.com/,dcjfcarlson@gmail.com,Honeybunch16,,
www.evo.com (jflashdc@outlook.com),https://www.evo.com/,jflashdc@outlook.com,hezqex-tyxxYq-zacqi6,,
www.exerciserewards.com (jflashfire),https://www.exerciserewards.com/,jflashfire,Teader16,,
exon.com (jcarlson20@student.vcschools.org),https://exon.com/,jcarlson20@student.vcschools.org,Reader20,,
usa.experian.com (jotter20@icloud.com),https://usa.experian.com/,jotter20@icloud.com,pHa8He7Ureader20,,
www.express-scripts.com,https://www.express-scripts.com/,,coznyr-rahqe6-tIcmuh,,
www.expressvpn.com (jotter20@icloud.com),https://www.expressvpn.com/,jotter20@icloud.com,wagnyr-sozMup-githy1,,
www.expressvpn.com (k7yfrd7p),https://www.expressvpn.com/,k7yfrd7p,wagnyr-sozMup-githy1,,
m.facebook.com (5624549231),https://m.facebook.com/,5624549231,duRzun-xesdis-4ruxsa,,
www.facebook.com (5624549231),https://www.facebook.com/,5624549231,duRzun-xesdis-4ruxsa,,
www.facebook.com (55624549231),https://www.facebook.com/,55624549231,duRzun-xesdis-4ruxsa,,
m.facebook.com (guspacho16@gmail.com),https://m.facebook.com/,guspacho16@gmail.com,destinyiscool,,
www.facebook.com (jflashdc@outlook.com),https://www.facebook.com/,jflashdc@outlook.com,nemfow-buXjic-2goste,,
streaming.factsonfile.com (jcarlson20@student.vcschools.org),http://streaming.factsonfile.com/,jcarlson20@student.vcschools.org,pHa8He7U,,
streaming.factsonfile.com (vcs1935),http://streaming.factsonfile.com/,vcs1935,crusader,,
tickets.fandango.com (jotter20@icloud.com),https://tickets.fandango.com/,jotter20@icloud.com,Reader16,,
www.fandango.com (jotter20@icloud.com),https://www.fandango.com/,jotter20@icloud.com,Reader16,,
favordelivery.com (jotter20@icloud.com),http://favordelivery.com/,jotter20@icloud.com,murxyv-Qoqtex-3boxmy,,
favordelivery.com (jotter20@icloud.com),https://favordelivery.com/,jotter20@icloud.com,murxyv-Qoqtex-3boxmy,,
runner.favordelivery.com (jotter20@icloud.com),https://runner.favordelivery.com/,jotter20@icloud.com,murxyv-Qoqtex-3boxmy,,
www.fedex.com (jotter20@icloud.com),https://www.fedex.com/,jotter20@icloud.com,gihNa9-dyvzab-naczer,,
admin.fifoundry.net (joel.carlson@western.edu),https://admin.fifoundry.net/,joel.carlson@western.edu,pHa8He7U,,
store.fleetfeet.com,https://store.fleetfeet.com/,,bopbyr-hIpfy1-dacxeq,,
identity.flickr.com (cjoeld2024@gmail.com),https://identity.flickr.com/,cjoeld2024@gmail.com,pHa8He7UReader21,,
applytound.force.com (cjoeld2024@gmail.com),https://applytound.force.com/,cjoeld2024@gmail.com,zYhret-pugpyg-sowvy6,,
account.formula1.com (jflashdc@outlook.com),https://account.formula1.com/,jflashdc@outlook.com,nenvex-fisror-Hoknu8,,
www.fox.com (jotter20@icloud.com),https://www.fox.com/,jotter20@icloud.com,byzbip-cYwzyj-nezha1,,
www.fubo.tv (jflashdc@outlook.com),https://www.fubo.tv/,jflashdc@outlook.com,Kickuc-kicpan-2dacmi,,
www.funmatrix.net (jefhjdndjbsjdbksb@gmail.com),https://www.funmatrix.net/,jefhjdndjbsjdbksb@gmail.com,zNM-7De-pRA-8Zx,,
thunderstorm.gamerlaunch.com (jotter20@icloud.com),http://thunderstorm.gamerlaunch.com/,jotter20@icloud.com,199639179,,
www.gamerlaunch.com (jotter20@icloud.com),http://www.gamerlaunch.com/,jotter20@icloud.com,267123431,,
secure-bananarepublic.gap.com (jflashdc@outlook.com),https://secure-bananarepublic.gap.com/,jflashdc@outlook.com,mejsiF-ranqi3-fymnit,,
sso.garmin.com (jotter20@icloud.com),https://sso.garmin.com/,jotter20@icloud.com,Reader15,,
apply.gcu.edu (jotter20@icloud.com),https://apply.gcu.edu/,jotter20@icloud.com,jyspab-8qekGy-vuvqer,,
www.geeker.com (jcarlson20@student.vcschools.org),https://www.geeker.com/,jcarlson20@student.vcschools.org,Reader15,,
auth.geeksforgeeks.org (jflashdc@outlook.com),https://auth.geeksforgeeks.org/,jflashdc@outlook.com,jkl1029pheder,,
www.geeksforgeeks.org (jflashdc@outlook.com),https://www.geeksforgeeks.org/,jflashdc@outlook.com,jkl1029pheder,,
github.com (cjoeld2024@gmail.com),https://github.com/,cjoeld2024@gmail.com,womfEz-8jikmi-tykvih,,
cdn.registerdisney.go.com (jflashdc@outlook.com),https://cdn.registerdisney.go.com/,jflashdc@outlook.com,nisrY3-bocxud-nygwav,,
cdn.registerdisney.go.com (jotter20@icloud.com),https://cdn.registerdisney.go.com/,jotter20@icloud.com,zakwet-3cykqy-jyJjec,,
cdn.registerdisney.go.com (tesorormipad@gmail.com),https://cdn.registerdisney.go.com/,tesorormipad@gmail.com,caRefiner#1,,
goat.com (jotter20@icloud.com),http://goat.com/,jotter20@icloud.com,socbyx-xyrzuj-buMri8,,
www.goat.com (jotter20@icloud.com),https://www.goat.com/,jotter20@icloud.com,nIsraj-cenpos-mapxi0,,
www.goodreads.com (jcarlson20@student.vcschools.org),https://www.goodreads.com/,jcarlson20@student.vcschools.org,LU4-VSU-gRX-ckK,,
accounts.google.com (5624549231),https://accounts.google.com/,5624549231,dEdcuj-judxu1-hinqiw,,
accounts.google.com (dcjfcarlson@gmail.com),https://accounts.google.com/,dcjfcarlson@gmail.com,azsxdcfv$02,,
accounts.google.com (firce2101@gmail.com),https://accounts.google.com/,firce2101@gmail.com,45uBewRE,,
accounts.google.com (ghostforprogress),https://accounts.google.com/,ghostforprogress,allforprogress,,
accounts.google.com (jcarlson20@student.vcschools.org),https://accounts.google.com/,jcarlson20@student.vcschools.org,pHa8He7U,,
accounts.google.com (joca9335),https://accounts.google.com/,joca9335,weBgyx-ryhxup-0hykpi,,
www.goudallas.org (carlsonj6),https://www.goudallas.org/,carlsonj6,20536890,,
goudallas.org (carlsonj6),http://goudallas.org/,carlsonj6,20536890,,
www.govee.com (jflashdc@outlook.com),https://www.govee.com/,jflashdc@outlook.com,pHa8Reader12He7U,,
web.groupme.com (5624549231),https://web.groupme.com/,5624549231,Reader15,,
www.grove.co (jflashdc@outlook.com),http://www.grove.co/,jflashdc@outlook.com,pHa8Reader21,,
www.grove.co (jflashdc@outlook.com),https://www.grove.co/,jflashdc@outlook.com,pHa8Reader21,,
www.grover.com,https://www.grover.com/,,kowhuF-hocnuv-9powsa,,
www.guildlaunch.com (jotter20@icloud.com),http://www.guildlaunch.com/,jotter20@icloud.com,xDA-yqx-8Zc-HmN,,
www.gunnisonvalleyvolunteers.com (joel.carlson@western.edu),https://www.gunnisonvalleyvolunteers.com/,joel.carlson@western.edu,qonpin-qowhug-maxjA7,,
www.haasf1team.com (jotter20@icloud.com),https://www.haasf1team.com/,jotter20@icloud.com,kaWwuv-5kudja-xumhum,,
travel.hawaii.gov (cjoeld2024@gmail.com),https://travel.hawaii.gov/,cjoeld2024@gmail.com,Traveler3,,
www.hbomax.com (carverlindley14@gmail.com),https://www.hbomax.com/,carverlindley14@gmail.com,swa1tre?e,,
www.hcareers.com (jotter20@icloud.com),https://www.hcareers.com/,jotter20@icloud.com,bYrbix-mixmuv-0rugwy,,
www.headspace.com (jotter20@icloud.com),https://www.headspace.com/,jotter20@icloud.com,Reader20,,
heb.com (jotter20@icloud.com),http://heb.com/,jotter20@icloud.com,cujpuj-gYxxan-wujfo5,,
accounts.heb.com (jotter20@icloud.com),https://accounts.heb.com/,jotter20@icloud.com,cujpuj-gYxxan-wujfo5,,
bioventus.hmebillpay.com ((562) 454-9231),https://bioventus.hmebillpay.com/,(562) 454-9231,xemjoj-jaStaz-0tupzy,,
www.honorsociety.org (jotter20@icloud.com),https://www.honorsociety.org/,jotter20@icloud.com,kysBox-bifwy4-zydcoh,,
www.hotels.com (jotter20@icloud.com),https://www.hotels.com/,jotter20@icloud.com,gybteG2recraqapkow,,
app.hotschedules.com (JoelCoTx),https://app.hotschedules.com/,JoelCoTx,pHa8He7UReader12,,
app.hotschedules.com (JoelTxCo),https://app.hotschedules.com/,JoelTxCo,pHa8He7UReader12,,
houseparty.com (jcahitx),http://houseparty.com/,jcahitx,wemwez-9Xitve-sydgus,,
huel.com (jflashdc@outlook.com),https://huel.com/,jflashdc@outlook.com,Cemcu5-cotquw-mydzic,,
uk.huel.com (jflashdc@outlook.com),https://uk.huel.com/,jflashdc@outlook.com,Cemcu5-cotquw-mydzic,,
auth.hulu.com (tesorormipad@gmail.com),https://auth.hulu.com/,tesorormipad@gmail.com,caRefiner#1,,
hulu.com (tesorormipad@gmail.com),https://hulu.com/,tesorormipad@gmail.com,caRefiner#1,,
www.hulu.com (tesorormipad@gmail.com),https://www.hulu.com/,tesorormipad@gmail.com,caRefiner#1,,
homeauto.hunterdouglas.com (jotter20@icloud.com),https://homeauto.hunterdouglas.com/,jotter20@icloud.com,Temmag-6zabdy-zabgin,,
hunterfan.com (jotter20@icloud.com),http://hunterfan.com/,jotter20@icloud.com,sygva4-Jonguj-kupduz,,
www.hydroflask.com (jotter20@icloud.com),https://www.hydroflask.com/,jotter20@icloud.com,bofwuw-ceHqut-qijpe5,,
myhydro.hydroflask.com (jotter20@icloud.com),https://myhydro.hydroflask.com/,jotter20@icloud.com,bofwuw-ceHqut-qijpe5,,
login.icims.com (cjoeld2024@gmail.com),https://login.icims.com/,cjoeld2024@gmail.com,rycmej-qabwis-5vecKa,,
jobs-fleetfeet.icims.com (cjoeld2024@gmail.com),https://jobs-fleetfeet.icims.com/,cjoeld2024@gmail.com,rycmej-qabwis-5vecKa,,
careers-garmin.icims.com (JCinCo),https://careers-garmin.icims.com/,JCinCo,samxI3-ryprom-civnuf,,
www.iclanwebsites.com (teamenigma),https://www.iclanwebsites.com/,teamenigma,wSf-STa-EqR-36U,,
api.id.me (jotter20@icloud.com),https://api.id.me/,jotter20@icloud.com,hakqeg-1pikni-cohKar,,
www.ihg.com (cjoeld2024@gmail.com),https://www.ihg.com/,cjoeld2024@gmail.com,cerrec-5sewgo-nepXam,,
us.accounts.ikea.com (jflashdc@outlook.com),https://us.accounts.ikea.com/,jflashdc@outlook.com,fekteq-xEmsav-gutvy5,,
xprs.imcreator.com (jcarlson20@student.vcschools.org),http://xprs.imcreator.com/,jcarlson20@student.vcschools.org,qPY-hCK-6Y5-HJ6,,
www.imleagues.com (jotter20@icloud.com),https://www.imleagues.com/,jotter20@icloud.com,vivgev-honNab-5fybga,,
inkbox.com (jotter20@icloud.com),https://inkbox.com/,jotter20@icloud.com,fuccom-qopdip-gifSo3,,
www.instagram.com (5624549231),https://www.instagram.com/,5624549231,Reader21,,
www.instagram.com (jflashfire15),https://www.instagram.com/,jflashfire15,pHa8He7U,,
www.instagram.com (jflashfire16),https://www.instagram.com/,jflashfire16,pHa8He7U,,
instagram.com (joel_carlson16),https://instagram.com/,joel_carlson16,Reader21,,
www.instagram.com (Joel_carlson16),https://www.instagram.com/,Joel_carlson16,Reader21,,
www.instagram.com (jotter20@icloud.com),https://www.instagram.com/,jotter20@icloud.com,Reader15,,
salata.instore.com (100595110104492),https://salata.instore.com/,100595110104492,seeabove,,
western.instructure.com (jcarlson20),https://western.instructure.com/,jcarlson20,pHa8He7U,,
vcschools.instructure.com (jcarlson20),https://vcschools.instructure.com/,jcarlson20,pHa8He7U,,
western.instructure.com (joel.carlson@western.edu),https://western.instructure.com/,joel.carlson@western.edu,movroh-2pambU-rosvof,,
western.instructure.com (stu686191),https://western.instructure.com/,stu686191,movroh-2pambU-rosvof,,
western.instructure.com (Stu686191),https://western.instructure.com/,Stu686191,movroh-2pambU-rosvof,,
accounts.intuit.com (cjoeld2024@gmail.com),https://accounts.intuit.com/,cjoeld2024@gmail.com,vyrmyt-qomhy1-jonvyW,,
www.jackrabbit.com (jotter20@icloud.com),https://www.jackrabbit.com/,jotter20@icloud.com,ziwdok-qyXvoz-pamwu9,,
elevateacupuncture.janeapp.com (cjoeld2024@gmail.com),https://elevateacupuncture.janeapp.com/,cjoeld2024@gmail.com,wewruk-4bywvI-synwiq,,
login.jerseymikes.com (jotter20@icloud.com),https://login.jerseymikes.com/,jotter20@icloud.com,pufcy5-netqyj-Wyzdin,,
www.jerseymikes.com (jotter20@icloud.com),https://www.jerseymikes.com/,jotter20@icloud.com,pufcy5-netqyj-Wyzdin,,
online.jimmyjohns.com (jotter20@icloud.com),https://online.jimmyjohns.com/,jotter20@icloud.com,bAxpynzoksud6wivfo,,
"online.jimmyjohns.com (July 14, 2001)",http://online.jimmyjohns.com/,"July 14, 2001",bAxpynzoksud6wivfo,,
www.jinx.com (jcarlson20@student.vcschools.org),https://www.jinx.com/,jcarlson20@student.vcschools.org,sgM-Q2m-KMk-H3d,,
auth.jobappnetwork.com (cjoeld2024@gmail.com),https://auth.jobappnetwork.com/,cjoeld2024@gmail.com,hehxax-maptik-cItka3,,
joinhandshake-staging.com (Stu686191),http://joinhandshake-staging.com/,Stu686191,Reader20,,
western.joinhandshake.com (Stu686191),https://western.joinhandshake.com/,Stu686191,Reader20,,
www.joinhoney.com (jotter20@icloud.com),https://www.joinhoney.com/,jotter20@icloud.com,tuhgoc-9Vikre-webxac,,
play.kahoot.it (Jflashfire15),https://play.kahoot.it/,Jflashfire15,Reader12,,
create.kahoot.it (Jflashfire15),https://create.kahoot.it/,Jflashfire15,Reader12,,
my.kickfin.com (431488),https://my.kickfin.com/,431488,xitvyz-jujki8-buKkym,,
my.kickfin.com (cjoeld2024@gmail.com),https://my.kickfin.com/,cjoeld2024@gmail.com,xitvyz-jujki8-buKkym,,
jobs.kpahrm.com (jotter20@icloud.com),https://jobs.kpahrm.com/,jotter20@icloud.com,Reader18,,
krispykreme.com (jotter20@icloud.com),http://krispykreme.com/,jotter20@icloud.com,Lacbkun70%,,
api.kroger.com (jflashdc@outlook.com),https://api.kroger.com/,jflashdc@outlook.com,gehni4-zaZduf-cyqqyp,,
www.kroger.com (jflashdc@outlook.vom),https://www.kroger.com/,jflashdc@outlook.vom,gehni4-zaZduf-cyqqyp,,
api.kroger.com (jflashdc@outlook.vom),https://api.kroger.com/,jflashdc@outlook.vom,gehni4-zaZduf-cyqqyp,,
encore.lbpl.org,https://encore.lbpl.org/,,23090008366282,,
account2.lego.com (jcarlson20),https://account2.lego.com/,jcarlson20,Reader12,,
www.levi.com (Carlson),https://www.levi.com/,Carlson,Reader21,,
www.levi.com (jflashdc@outlook.com),https://www.levi.com/,jflashdc@outlook.com,Reader21,,
longbeach.libraryreserve.com (23090008366282),https://longbeach.libraryreserve.com/,23090008366282,28701,,
www.lifeaidbevco.com (jotter20@icloud.com),https://www.lifeaidbevco.com/,jotter20@icloud.com,kispiv-reFvet-8xippu,,
lifetime.com (jcatx2018),https://lifetime.com/,jcatx2018,Reader20,,
my.lifetime.life (jcatx2018),http://my.lifetime.life/,jcatx2018,Reader20,,
my.lifetime.life (jcatx2018),https://my.lifetime.life/,jcatx2018,Reader20,,
www.linkedin.com (cjoeld2024@gmail.com),https://www.linkedin.com/,cjoeld2024@gmail.com,pyhvaf-rycWak-hufzo5,,
login.live.com (jflashdc@outlook.com),https://login.live.com/,jflashdc@outlook.com,pHa8He7U,,
account.live.com (jflashdc@outlook.com),https://account.live.com/,jflashdc@outlook.com,pHa8He7U,,
odc.officeapps.live.com (jflashdc@outlook.com),https://odc.officeapps.live.com/,jflashdc@outlook.com,pHa8He7U,,
login.live.com (joel.carlson@western.edu),https://login.live.com/,joel.carlson@western.edu,pHa8He7U,,
odc.officeapps.live.com (joel.carlson@western.edu),https://odc.officeapps.live.com/,joel.carlson@western.edu,pHa8He7U,,
customersupport.luxottica.com (jcarlson20@student.vcschools.org),https://customersupport.luxottica.com/,jcarlson20@student.vcschools.org,qegvoh-1gijcu-mefdoD,,
customersupport.luxottica.com (jotter20@icloud.com),https://customersupport.luxottica.com/,jotter20@icloud.com,bazni0-cizqip-qehWor,,
register.marketwatch.com (jflashdc@outlook.com),https://register.marketwatch.com/,jflashdc@outlook.com,Reader21,,
register.marketwatch.com (jotter20@icloud.com),https://register.marketwatch.com/,jotter20@icloud.com,Reader21,,
www.mathworks.com (joel.carlson@western.edu),https://www.mathworks.com/,joel.carlson@western.edu,pePcef-jypcac-qubzi2,,
login.mathworks.com (joel.carlson@western.edu),https://login.mathworks.com/,joel.carlson@western.edu,pePcef-jypcac-qubzi2,,
www.meetcleo.com (jotter20@icloud.com),https://www.meetcleo.com/,jotter20@icloud.com,Reader20,,
auth.meethue.com (jotter20@icloud.com),https://auth.meethue.com/,jotter20@icloud.com,zyjboF-hanvyg-borto5,,
signup.melicplay.com (jcarlson20@student.vcschools.org),https://signup.melicplay.com/,jcarlson20@student.vcschools.org,cabqup-7neFro-qamjug,,
meross.com (jflashdc@outlook.com),http://meross.com/,jflashdc@outlook.com,sahxum-kotqu0-xipgoK,,
app.methodtestprep.com (Jcatx),https://app.methodtestprep.com/,Jcatx,Reader20,,
msft.sts.microsoft.com (joel.carlson@western.edu),https://msft.sts.microsoft.com/,joel.carlson@western.edu,pHa8He7U,,
login.microsoftonline.com (jflashdc@outlook.com),https://login.microsoftonline.com/,jflashdc@outlook.com,pHa8He7U,,
login.microsoftonline.com (joca9335@colorado.edu),https://login.microsoftonline.com/,joca9335@colorado.edu,weBgyx-ryhxup-0hykpi,,
login.microsoftonline.com (joel.carlson@western.edu),https://login.microsoftonline.com/,joel.carlson@western.edu,pHa8He7U,,
motortrend.com (jotter20@icloud.com),http://motortrend.com/,jotter20@icloud.com,Reader21,,
auth.motortrendondemand.com (jotter20@icloud.com),https://auth.motortrendondemand.com/,jotter20@icloud.com,Reader21,,
login.mycarecorner.net (cjoeld2024@gmail.com),https://login.mycarecorner.net/,cjoeld2024@gmail.com,Jodvad-bohxyk-2zikky,,
apiv2.mycolorado.gov (JCaTxCo),https://apiv2.mycolorado.gov/,JCaTxCo,zobrop-4coSqe-zybkiw,,
whichwich.myguestaccount.com (flashfire),https://whichwich.myguestaccount.com/,flashfire,Reader16,,
salata.myguestaccount.com (jotter20@icloud.com),https://salata.myguestaccount.com/,jotter20@icloud.com,jakva8-mopkat-kiTnoz,,
www.mylt.life,https://www.mylt.life/,,Reader18,,
www.myunidays.com (jflashdc@outlook.com),https://www.myunidays.com/,jflashdc@outlook.com,kupqap-hafMoz-wezce4,,
myunidays.com (jotter20@icloud.com),http://myunidays.com/,jotter20@icloud.com,syxwu2-sonver-zygdiT,,
www.myunidays.com (jotter20@icloud.com),https://www.myunidays.com/,jotter20@icloud.com,hoTvy8-vyvcav-kihryv,,
tmobile.wd1.myworkdayjobs.com (cjoeld2024@gmail.com),https://tmobile.wd1.myworkdayjobs.com/,cjoeld2024@gmail.com,zaqniz-qudfaX-4nytta,,
finishline.wd1.myworkdayjobs.com (cjoeld2024@gmail.com),https://finishline.wd1.myworkdayjobs.com/,cjoeld2024@gmail.com,zaqniz-qudfaX-4nytta,,
nordstrom.wd5.myworkdayjobs.com (jflashdc@outlook.com),https://nordstrom.wd5.myworkdayjobs.com/,jflashdc@outlook.com,badwi9-seHqyp-xykweh,,
my.nanoleaf.me (jotter20@icloud.com),https://my.nanoleaf.me/,jotter20@icloud.com,pagsos-6mihqu-Wizser,,
nanoleaf.me (jotter20@icloud.com),http://nanoleaf.me/,jotter20@icloud.com,gugxix-Budva2-xowwij,,
student.naviance.com (joelcarlson@sachristian.org),https://student.naviance.com/,joelcarlson@sachristian.org,naviance,,
nba.com (jotter20@icloud.com),http://nba.com/,jotter20@icloud.com,gyrtaf-qovcyw-6cYjju,,
watch.nba.com (jotter20@icloud.com),https://watch.nba.com/,jotter20@icloud.com,gyrtaf-qovcyw-6cYjju,,
www.nba.com (tesorormipad@gmail.com),https://www.nba.com/,tesorormipad@gmail.com,caRefiner$1,,
web3.ncaa.org (cjoeld2024@gmail.com),https://web3.ncaa.org/,cjoeld2024@gmail.com,zofboz-9siJqo-hispup,,
sso.ncaa.org (cjoeld2024@gmail.com),https://sso.ncaa.org/,cjoeld2024@gmail.com,zofboz-9siJqo-hispup,,
recruit-match.ncsasports.org (jiKX4xiaahhsQCJvCoX_),https://recruit-match.ncsasports.org/,jiKX4xiaahhsQCJvCoX_,pywVok-5bimdu-vumdym,,
recruit-match.ncsasports.org (jotter20@icloud.com),https://recruit-match.ncsasports.org/,jotter20@icloud.com,pywVok-5bimdu-vumdym,,
adfs.ad.ndus.edu (ad.ndus.edu\joel.carlson.1),https://adfs.ad.ndus.edu/,ad.ndus.edu\joel.carlson.1,wanrax-sixgop-Wivmo5,,
ndusnam.ndus.edu (joel.carlson.1),https://ndusnam.ndus.edu/,joel.carlson.1,wanrax-sixgop-Wivmo5,,
ndusiam.ndus.edu (joel.carlson.1),https://ndusiam.ndus.edu/,joel.carlson.1,wanrax-sixgop-Wivmo5,,
www.neimanmarcus.com (jotter20@icloud.com),https://www.neimanmarcus.com/,jotter20@icloud.com,tebjYf-todmar-8hijnu,,
www.nerdwallet.com (jotter20@icloud.com),https://www.nerdwallet.com/,jotter20@icloud.com,Reader20,,
na3.netchexonline.net,https://na3.netchexonline.net/,,$Reader21,,
na3.netchexonline.net (JCARLSON21),https://na3.netchexonline.net/,JCARLSON21,cimZyc-7mampu-pappod,,
www.netflix.com (tesorormipad@gmail.com),https://www.netflix.com/,tesorormipad@gmail.com,caRefiner#1,,
product.testing.newbalance.com (jflashdc@outlook.com),https://product.testing.newbalance.com/,jflashdc@outlook.com,sajgaN-nuwtuh-0hivby,,
www.newbalance.com (jflashdc@outlook.com),https://www.newbalance.com/,jflashdc@outlook.com,cerhaw0gowba@H5,,
www.newbalance.com (jotter20@icloud.com),https://www.newbalance.com/,jotter20@icloud.com,wirbu0-nujcoF-goxtug,,
secure.newegg.com (jflashdc@outlook.com),https://secure.newegg.com/,jflashdc@outlook.com,Reader16,,
forum.nexonm.com (The Flame),https://forum.nexonm.com/,The Flame,c7Q-WAv-7dB-Mh6,,
unite.nike.com (jotter20@icloud.com),https://unite.nike.com/,jotter20@icloud.com,hahhUq-pebhic-4jexhu,,
accounts.nike.com (jotter20@icloud.com),https://accounts.nike.com/,jotter20@icloud.com,hahhUq-pebhic-4jexhu,,
www.nike.com (jotter20@icloud.com),https://www.nike.com/,jotter20@icloud.com,hahhUq-pebhic-4jexhu,,
s3.nikecdn.com,https://s3.nikecdn.com/,,kezdij-pizkyb-cytWo3,,
accounts.nintendo.com (jcarlson20@student.vcschools.org),https://accounts.nintendo.com/,jcarlson20@student.vcschools.org,Vefguq-jiqhyg-0widra,,
nordstrom.com (jflashdc@outlook.com),http://nordstrom.com/,jflashdc@outlook.com,Reader19,,
shop.nordstrom.com (jflashdc@outlook.com),https://shop.nordstrom.com/,jflashdc@outlook.com,Reader19,,
www.nordstrom.com (jflashdc@outlook.com),https://www.nordstrom.com/,jflashdc@outlook.com,Reader19,,
secure.nordstrom.com (jflashdc@outlook.com),https://secure.nordstrom.com/,jflashdc@outlook.com,Reader19,,
www.nordstromrack.com (jflashdc@outlook.com),https://www.nordstromrack.com/,jflashdc@outlook.com,Reader19,,
www.nshss.org (jflashdc@outlook.com),https://www.nshss.org/,jflashdc@outlook.com,Reader18,,
dashboard.nshss.org (jflashdc@outlook.com),https://dashboard.nshss.org/,jflashdc@outlook.com,Reader18,,
www.oaclub.org (dcjfcarlson@gmail.com),https://www.oaclub.org/,dcjfcarlson@gmail.com,Hedgehog14,,
www.oakley.com (jflashdc@outlook.com),https://www.oakley.com/,jflashdc@outlook.com,Reader18,,
www.officedepot.com,https://www.officedepot.com/,,figbes-0Nifme-piqtiv,,
members.onepeloton.com,https://members.onepeloton.com/,,Reader12,,
onlyfans.com (jotter20@icloud.com),https://onlyfans.com/,jotter20@icloud.com,Reader30,,
www.openme.com (jotter20@icloud.com),https://www.openme.com/,jotter20@icloud.com,mypvaF-3sixve-mupjuc,,
www.opentable.com (+1 (562) 454-9231),http://www.opentable.com/,+1 (562) 454-9231,vazzaz-8nixZy-pyjdaf,,
m.opentable.com (jotter20@iicloud.com),https://m.opentable.com/,jotter20@iicloud.com,vazzaz-8nixZy-pyjdaf,,
www.opentable.com (jotter20@iicloud.com),https://www.opentable.com/,jotter20@iicloud.com,vazzaz-8nixZy-pyjdaf,,
auth.overdrive.com (23090008366282),https://auth.overdrive.com/,23090008366282,28701,,
page.link (jcarlson20@student.vcschools.org),http://page.link/,jcarlson20@student.vcschools.org,1pHa8He7U,,
page.link (jotter20@icloud.com),http://page.link/,jotter20@icloud.com,Reader22,,
pandaexpress.com (jotter20@icloud.com),http://pandaexpress.com/,jotter20@icloud.com,hesdam-Rajjaj-6bebmu,,
www.pandora.com,https://www.pandora.com/,,Reader15,,
delivery.panerabread.com (jflashfire),https://delivery.panerabread.com/,jflashfire,Reader15,,
www.paramountplus.com (jflashdc@outlook.com),https://www.paramountplus.com/,jflashdc@outlook.com,zovper-kawnok-1fexfI,,
exchange.parchment.com (cjoeld2024@gmail.com),https://exchange.parchment.com/,cjoeld2024@gmail.com,Jibni2-difryr-guhdum,,
www.parchment.com (joel.carlson.1@ndus.edu),https://www.parchment.com/,joel.carlson.1@ndus.edu,taxvyb-benrIf-8nybxo,,
exchange.parchment.com (jotter20@icloud.com),https://exchange.parchment.com/,jotter20@icloud.com,contom-xyfsec-Sujci4,,
britton-ortho.patientrewardshub.com (9386651204943281),https://britton-ortho.patientrewardshub.com/,9386651204943281,2644,,
britton-ortho.patientrewardshub.com (Carlson),https://britton-ortho.patientrewardshub.com/,Carlson,Reader15,,
www.paypal.com (cjoeld2024@gmail.com),https://www.paypal.com/,cjoeld2024@gmail.com,qugBu9fossymvufdej,,
www.paypal.com (jotter20@icloud.com),https://www.paypal.com/,jotter20@icloud.com,qugBu9fossymvufdej,,
pcpartpicker.com (JcPcCo),https://pcpartpicker.com/,JcPcCo,bazvam-deXban-kaghi9,,
www.peacocktv.com (jflashdc@outlook.com),https://www.peacocktv.com/,jflashdc@outlook.com,Rahge6-kydwuf-gonwyf,,
peacocktv.com (tesorormipad@gmail.com),http://peacocktv.com/,tesorormipad@gmail.com,caRefiner!1,,
sso.rumba.pearsoncmg.com (3Caivano),https://sso.rumba.pearsoncmg.com/,3Caivano,GoLions!,,
www.accounts.philips.com (jotter20@icloud.com),https://www.accounts.philips.com/,jotter20@icloud.com,vypmiv-3naxra-Pibsip,,
piazza.com (Joel.Carlson-1@colorado.edu),https://piazza.com/,Joel.Carlson-1@colorado.edu,pojtoZ-pojgaj-xecte5,,
plusportals.com (Joelcarlson@sachristian.org),https://plusportals.com/,Joelcarlson@sachristian.org,pHa8He7U,,
postmates.com (jotter20@icloud.com),http://postmates.com/,jotter20@icloud.com,Reader18,,
www.primarybio.com (jotter20@icloud.com),https://www.primarybio.com/,jotter20@icloud.com,zukfu8-wivkud-zazCom,,
propercloth.com (jotter20@icloud.com),https://propercloth.com/,jotter20@icloud.com,wofbEk-qysxet-gimda7,,
app.protectedtrust.com,https://app.protectedtrust.com/,,hydpix-8qybfo-zagxoD,,
app.protectedtrust.com (cjoeld2024@gmail.com),https://app.protectedtrust.com/,cjoeld2024@gmail.com,syqven-9miSku-rabfit,,
prowritingaid.com (Jfhsshfhdfdsjfhj@fhfghfghdg.com),https://prowritingaid.com/,Jfhsshfhdfdsjfhj@fhfghfghdg.com,dfjdhfjhdjfh,,
icelab.app.proximity.space (jotter20@icloud.com),https://icelab.app.proximity.space/,jotter20@icloud.com,$Reader21,,
iframe.punchh.com (Joel Carlson),https://iframe.punchh.com/,Joel Carlson,Reader20,,
punchh.com (Joel Carlson),http://punchh.com/,Joel Carlson,Reader20,,
iframe.punchh.com (jotter20@icloud.com),https://iframe.punchh.com/,jotter20@icloud.com,Reader20,,
punchh.com (jotter20@icloud.com),http://punchh.com/,jotter20@icloud.com,Reader20,,
dashboard.punchh.com (xshQn5o3h3AxDaXjm_oy),https://dashboard.punchh.com/,xshQn5o3h3AxDaXjm_oy,Reader20,,
teamenigma.pwfactions.com (jcarlson20@student.vcschools.org),http://teamenigma.pwfactions.com/,jcarlson20@student.vcschools.org,h2J-EkQ-SQW-JoQ,,
login.qr-code-generator.com (joel.carlson@western.edu),https://login.qr-code-generator.com/,joel.carlson@western.edu,mEcjij-recdij-0kichi,,
quizlet.com (jc-ca-tx),https://quizlet.com/,jc-ca-tx,zytxAk-vasxo1-pohziz,,
raceroster.com (jotter20@icloud.com),https://raceroster.com/,jotter20@icloud.com,Reader17,,
western.radiusbycampusmgmt.com (JCATX),https://western.radiusbycampusmgmt.com/,JCATX,wavjim-1tefxy-pEwbyp,,
www.raycast.com (jflashdc@outlook.com),https://www.raycast.com/,jflashdc@outlook.com,hansuv-ketjot-0noqBy,,
www.raycast.com (JTxCo),https://www.raycast.com/,JTxCo,hansuv-ketjot-0noqBy,,
razerid.razer.com (jotter20@icloud.com),https://razerid.razer.com/,jotter20@icloud.com,cabmUj-6jowhu-pofgus,,
www.reddit.com (J-CA-TX),https://www.reddit.com/,J-CA-TX,kurxut-6syfxe-bUqzah,,
reddit.com (J-CA-TX),https://reddit.com/,J-CA-TX,kurxut-6syfxe-bUqzah,,
www.reebok.com (jotter20@icloud.com),https://www.reebok.com/,jotter20@icloud.com,zavrap-0sopmY-winsev,,
www.rei.com (jotter20@icloud.com),https://www.rei.com/,jotter20@icloud.com,ZMN-dBm-8CD-Mhz,,
www.remind.com (jcarlson20@student.vcschools.org),https://www.remind.com/,jcarlson20@student.vcschools.org,Reader17,,
logins2.renweb.com (joelcarlson),https://logins2.renweb.com/,joelcarlson,pHa8He7U,,
rwfs.renweb.com (joelcarlson),https://rwfs.renweb.com/,joelcarlson,pHa8He7U,,
logins2.renweb.com (joelcarlson@sachristian.org),https://logins2.renweb.com/,joelcarlson@sachristian.org,pHa8He7U,,
restream.io (jotter20@icloud.com),https://restream.io/,jotter20@icloud.com,Reader16,,
signin.rockstargames.com,https://signin.rockstargames.com/,,$Reader21,,
www.roguefitness.com,https://www.roguefitness.com/,,kajzin-Nitsun-2hykto,,
us.romwe.com (jotter20@icloud.com),https://us.romwe.com/,jotter20@icloud.com,xytba9-nivwak-qagdUc,,
ids.rr.com (tesorormipad@gmail.com),https://ids.rr.com/,tesorormipad@gmail.com,carefiner3,,
konagrill.rrtusa.net (jotter20@icloud.com),https://konagrill.rrtusa.net/,jotter20@icloud.com,duzvur-Mitcaf-6heqpy,,
rungum.com,https://rungum.com/,,pevhyf-myzzi1-kuskEm,,
www.runningwarehouse.com (jflashdc@outlook.com),https://www.runningwarehouse.com/,jflashdc@outlook.com,powmuk-1wepco,,
www.runtastic.com,https://www.runtastic.com/,,zicvu0-xopdot-gyhnoJ,,
runtastic.com (jflashdc@outlook.com),http://runtastic.com/,jflashdc@outlook.com,behxyrsuHqed2qonbo,,
runtastic.com (jotter20@icloud.com),http://runtastic.com/,jotter20@icloud.com,pofvI7xifditvizjar,,
fs.sachristian.org (jflashdc@outlook.com),https://fs.sachristian.org/,jflashdc@outlook.com,pHa8He7U,,
fs.sachristian.org (joelcarlson@sachristian.org),https://fs.sachristian.org/,joelcarlson@sachristian.org,pHa8He7U,,
onlineorder.salata.com (jotter20@icloud.com),https://onlineorder.salata.com/,jotter20@icloud.com,jakva8-mopkat-kiTnoz,,
order.salata.com (jotter20@icloud.com),https://order.salata.com/,jotter20@icloud.com,jakva8-mopkat-kiTnoz,,
us.account.samsung.com (jotter20@icloud.com),https://us.account.samsung.com/,jotter20@icloud.com,JnU7$0dN22,,
www.saxxunderwear.com (jotter20@icloud.com),https://www.saxxunderwear.com/,jotter20@icloud.com,johqoj-zagqa4-rIdcur,,
seatgeek.com,https://seatgeek.com/,,Reader18,,
booking.setmore.com (joel.carlson@western.edu),https://booking.setmore.com/,joel.carlson@western.edu,jIkvah-qihciq-0rozhe,,
wcuathletictrainingroom.setmore.com (joel.carlson@western.edu),https://wcuathletictrainingroom.setmore.com/,joel.carlson@western.edu,jIkvah-qihciq-0rozhe,,
shell (jcarlson20@student.vcschools.org),https://shell/,jcarlson20@student.vcschools.org,Reader20,,
shivtr.com (jcarlson20@student.vcschools.org),http://shivtr.com/,jcarlson20@student.vcschools.org,h2J-EkQ-SQW-JoQ,,
shivtr.com (jflashfire15),http://shivtr.com/,jflashfire15,Reader12,,
shivtr.com (Jflashfire15),http://shivtr.com/,Jflashfire15,h2J-EkQ-SQW-JoQ,,
login.shoprunner.com (jflashdc@outlook.com),https://login.shoprunner.com/,jflashdc@outlook.com,kucgyJ-pocmym-6cokqi,,
activate.shoprunner.com (jflashdc@outlook.com),https://activate.shoprunner.com/,jflashdc@outlook.com,kucgyJ-pocmym-6cokqi,,
www.simplycarbonfiber.com (jotter20@icloud.com),https://www.simplycarbonfiber.com/,jotter20@icloud.com,Reader18,,
siriusxm.com (tesorormipad@gmail.com),http://siriusxm.com/,tesorormipad@gmail.com,fionae#01,,
ars.sirs.com (vcs1935),http://ars.sirs.com/,vcs1935,crusader,,
www.sitebuilder.com (jotter20@icloud.com),https://www.sitebuilder.com/,jotter20@icloud.com,Reader12,,
skillz.com (TextbookAiding),https://skillz.com/,TextbookAiding,B260BCB1-EAEA-4EC9-8C58-3D30658FD3E8-3192-00000116DA549A89,,
momrades.slack.com (jflashdc@outlook.com),https://momrades.slack.com/,jflashdc@outlook.com,Reader16,,
acmacm-wwcu.slack.com (Joel Carlson),https://acmacm-wwcu.slack.com/,Joel Carlson,bahred-wegcib-9surwY,,
krumrieschool.slack.com (Joel Carlson),https://krumrieschool.slack.com/,Joel Carlson,qydtis-funciq-3zeTge,,
www.slader.com (jotter20@icloud.com),https://www.slader.com/,jotter20@icloud.com,Reader20,,
smartmailcloud.com (joel.carlson@western.edu),http://smartmailcloud.com/,joel.carlson@western.edu,Reader20,,
accounts.snapchat.com (jflashdc@outlook.com),https://accounts.snapchat.com/,jflashdc@outlook.com,pHa8He7U,,otpauth://totp/Snapchat:%6A%6F%65%6C%5F%63%61%72%6C%73%6F%6E%31%36?secret=BJMRW3LL2X74RVRLRQRHLWVBMCW6WH46&issuer=Snapchat
www.songpop.net,https://www.songpop.net/,,Reader18,,
account.sonicdrivein.com (jotter20@icloud.com),https://account.sonicdrivein.com/,jotter20@icloud.com,Reader20,,
sonos.com (tesorormipad@gmail.com),https://sonos.com/,tesorormipad@gmail.com,joelD#01,,
www.southwest.com (jc.ca.dc),https://www.southwest.com/,jc.ca.dc,Reader$20,,
mobile.southwest.com (jdcatx),https://mobile.southwest.com/,jdcatx,9E^#GE^qW8tZTCk,,
www.southwest.com (jdcatx),https://www.southwest.com/,jdcatx,"JaW5b@8iSP%ndY,",,
wifiprofile.spectrum.net (cjoeld2024@gmail.com),https://wifiprofile.spectrum.net/,cjoeld2024@gmail.com,hegwaX-wervu4-tabnyp,,
id.spectrum.net (cjoeld2024@gmail.com),https://id.spectrum.net/,cjoeld2024@gmail.com,hegwaX-wervu4-tabnyp,,
id.spectrum.net (dcjfcarlson),https://id.spectrum.net/,dcjfcarlson,joelD#01,,
watch.spectrum.net (dcjfcarlson),https://watch.spectrum.net/,dcjfcarlson,joelD#01,,
idp.aws.spectrum.net (dcjfcarlson),https://idp.aws.spectrum.net/,dcjfcarlson,joelD#01,,
tve.spectrum.net (dcjfcarlson),https://tve.spectrum.net/,dcjfcarlson,joelD#01,,
my.spendgo.com,https://my.spendgo.com/,,Reader18,,
play.spotify.com (jotter20),https://play.spotify.com/,jotter20,Reader21,,
accounts.spotify.com (jotter20),https://accounts.spotify.com/,jotter20,Reader21,,
my.spyzie.com (jotter20@icloud.com),https://my.spyzie.com/,jotter20@icloud.com,Reader19,,
squareup.com (jflashdc@outlook.com),https://squareup.com/,jflashdc@outlook.com,Reader16,,
www.ssense.com (jotter20@icloud.com),https://www.ssense.com/,jotter20@icloud.com,jyrxep-zagjiz-3bafZo,,
stacksocial.com (jotter20@icloud.com),https://stacksocial.com/,jotter20@icloud.com,Reader16,,
www.starbucks.com (jotter20@icloud.com),https://www.starbucks.com/,jotter20@icloud.com,ktk-Ht2-2Cm-3fg,,
starbucks.com (jotter20@icloud.com),https://starbucks.com/,jotter20@icloud.com,ktk-Ht2-2Cm-3fg,,
stashinvest.com (jcarlson20@student.vcschools.org),http://stashinvest.com/,jcarlson20@student.vcschools.org,Reader19,,
caprovservice.state.gov (cjoeld2024@gmail.com),https://caprovservice.state.gov/,cjoeld2024@gmail.com,cyvjoq-gehmub-Todma2,,
steamcommunity.com (jdcatx),https://steamcommunity.com/,jdcatx,pHa8He7UReader20,,
help.steampowered.com (jdcatx),https://help.steampowered.com/,jdcatx,pHa8He7UReader20,,
store.steampowered.com (jdcatx),https://store.steampowered.com/,jdcatx,pHa8He7UReader20,,
steelseries.com (jotter20@icloud.com),https://steelseries.com/,jotter20@icloud.com,qokryv-pivkov-3xizFi,,
www.stitchfix.com (jotter20@icloud.com),http://www.stitchfix.com/,jotter20@icloud.com,tiZke6-kigkud-pawnab,,
www.stitchfix.com (rYt8HoTyhW2q9TxZxpEV),https://www.stitchfix.com/,rYt8HoTyhW2q9TxZxpEV,tiZke6-kigkud-pawnab,,
stockx.com (jotter20@icloud.com),http://stockx.com/,jotter20@icloud.com,koKjyt-foqjep-0zazbo,,
accounts.stockx.com (jotter20@icloud.com),https://accounts.stockx.com/,jotter20@icloud.com,koKjyt-foqjep-0zazbo,,
www.strava.com (jotter20@icloud.com),https://www.strava.com/,jotter20@icloud.com,Reader15,,
studentaid.gov (Jcatxco),https://studentaid.gov/,Jcatxco,zurhap-serkyt-4hoCqi,,
accounts.studentbeans.com (joel.carlson@western.edu),https://accounts.studentbeans.com/,joel.carlson@western.edu,pagDy0-qivxor-hemzos,,
keycloak.studioin.cloud (joel.carlson-1@colorado.edu),https://keycloak.studioin.cloud/,joel.carlson-1@colorado.edu,gedqo4-kyktyx-haxbUq,,
id.subway.com (jotter20@icloud.com),https://id.subway.com/,jotter20@icloud.com,Reader18,,
my.surfshark.com (jotter20@icloud.com),https://my.surfshark.com/,jotter20@icloud.com,xydsyx-huZsi0-zitqin,,
www.swimoutlet.com (jflashdc@outlook.com),https://www.swimoutlet.com/,jflashdc@outlook.com,tyfjyx-qusde1-mAtxaj,,
account.swtor.com (jflashdc@outlook.com),https://account.swtor.com/,jflashdc@outlook.com,$Reader21,,
account.swtor.com (jotter20@icloud.com),https://account.swtor.com/,jotter20@icloud.com,cTQ-svv-hga-6HC,,
sydneyhealth.com (cjoeld2024@gmail.com),http://sydneyhealth.com/,cjoeld2024@gmail.com,ripjiqqevXov7fekni,,
ebaymastercard.syf.com (jflashdc@outlook.com),https://ebaymastercard.syf.com/,jflashdc@outlook.com,torved-Sedry9-xornav,,
ebaymastercard.syf.com (jflashdc@outlook.vom),https://ebaymastercard.syf.com/,jflashdc@outlook.vom,torved-Sedry9-xornav,,
careers.t-mobile.com (cjoeld2024@gmail.com),https://careers.t-mobile.com/,cjoeld2024@gmail.com,4r;H`W>&[4bEn]6,,
ual-pro.taleo.net (Jcatx),https://ual-pro.taleo.net/,Jcatx,tancu7-nUpcod-kabkud,,
marriott.taleo.net (Jcatx),https://marriott.taleo.net/,Jcatx,tancu7-nUpcod-kabkud,,
ual-pro.taleo.net (JjobsCo),https://ual-pro.taleo.net/,JjobsCo,byhBap-jeghij-3qufco,,
dash.tap2earn.co (Jcatx),https://dash.tap2earn.co/,Jcatx,Reader21,,
login.target.com (jotter20@icloud.com),https://login.target.com/,jotter20@icloud.com,jeqmex-commeb-1gixJy,,
www.target.com (jotter20@icloud.com),https://www.target.com/,jotter20@icloud.com,jeqmex-commeb-1gixJy,,
app-v3.teambuildr.com (joel.carlson@western.edu),https://app-v3.teambuildr.com/,joel.carlson@western.edu,Reader21,,
beta.teambuildr.com (joel.carlson@western.edu),https://beta.teambuildr.com/,joel.carlson@western.edu,Reader21,,
app.teambuildr.com (joel.carlson@western.edu),https://app.teambuildr.com/,joel.carlson@western.edu,Reader21,,
labsimapp.testout.com (JCatxCo),https://labsimapp.testout.com/,JCatxCo,ryjgeb-2gadze-Qamrib,,
impacttexasdrivers.dps.texas.gov (jcarlson20@student.vcschools.org),https://impacttexasdrivers.dps.texas.gov/,jcarlson20@student.vcschools.org,$Reader17,,
www.thelevelup.com (jotter20@icloud.com),https://www.thelevelup.com/,jotter20@icloud.com,Reader20,,
www.thenorthface.com,https://www.thenorthface.com/,,Reader18,,
www.theproscloset.com (jflashdc@outlook.com),https://www.theproscloset.com/,jflashdc@outlook.com,homhYc-0keswi-xufhuv,,
www.thetileapp.com (jflashdc@outlook.com),https://www.thetileapp.com/,jflashdc@outlook.com,bydjer-cokvuq-5nyhrI,,
thetileapp.com (jflashdc@outlook.com),https://thetileapp.com/,jflashdc@outlook.com,bydjer-cokvuq-5nyhrI,,
www.thetileapp.com (jotter20@icloud.com),https://www.thetileapp.com/,jotter20@icloud.com,cezboz-koCmyn-1rijge,,
orders.torchys.com (jotter20@icloud.com),https://orders.torchys.com/,jotter20@icloud.com,jotvit-zahta5-Bizzum,,
www.trailrunproject.com (Carlson ),https://www.trailrunproject.com/,Carlson ,Reader15,,
eacct-wcu-sp.transactcampus.com (joel.carlson@western.edu),https://eacct-wcu-sp.transactcampus.com/,joel.carlson@western.edu,Reader20,,
eacct-wcu-sp.transactcampus.com (stu686191),https://eacct-wcu-sp.transactcampus.com/,stu686191,Reader20,,
www.transferology.com (joel.carlson@western.edu),https://www.transferology.com/,joel.carlson@western.edu,nudtoq-Tizqib-0vahxe,,
cdn.truefitcorp.com (jflashdc@outlook.com),https://cdn.truefitcorp.com/,jflashdc@outlook.com,fextAj-ruwby6-pafpux,,
www.trunkclub.com (jotter20@icloud.com),https://www.trunkclub.com/,jotter20@icloud.com,soqxy6-dyjwyf-xavnIt,,
www.turnitin.com (joelcarlson@sachristian.org),https://www.turnitin.com/,joelcarlson@sachristian.org,dytfaj-dywhEb-5cudgy,,
ps.turnitin.com (joelcarlson@sachristian.org),https://ps.turnitin.com/,joelcarlson@sachristian.org,dytfaj-dywhEb-5cudgy,,
www.twitch.tv (Jflashfire15),https://www.twitch.tv/,Jflashfire15,vekcuk-hujmy1-woBxac,,
passport.twitch.tv (Jflashfire15),https://passport.twitch.tv/,Jflashfire15,vekcuk-hujmy1-woBxac,,
rpg.twitch.tv (Jflashfire15),https://rpg.twitch.tv/,Jflashfire15,vekcuk-hujmy1-woBxac,,
www.twitchrpg.com (jcarlson20@student.vcschools.org),https://www.twitchrpg.com/,jcarlson20@student.vcschools.org,pHa8He7U,,
twitter.com (joelcarlson14),https://twitter.com/,joelcarlson14,xuqhU9-xagdit-gemkam,,
api.twitter.com (JoelCarlson14),https://api.twitter.com/,JoelCarlson14,xuqhU9-xagdit-gemkam,,
twitter.com (JoelCarlson14),https://twitter.com/,JoelCarlson14,xuqhU9-xagdit-gemkam,,
twitter.com (jotter20@icloud.com),https://twitter.com/,jotter20@icloud.com,$REader21,,
mobile.twitter.com (jotter20@icloud.com),https://mobile.twitter.com/,jotter20@icloud.com,$REader21,,
www.tylt.com (jotter20@icloud.com),https://www.tylt.com/,jotter20@icloud.com,2RJ-hkH-FFQ-hRq,,
www.tzarmedia.com (ghgshhjdbusdbi@gmail.com),https://www.tzarmedia.com/,ghgshhjdbusdbi@gmail.com,Fqz-LpA-V8Q-Au6,,
auth.uber.com (jotter20@icloud.com),https://auth.uber.com/,jotter20@icloud.com,raxvox-Rurzaz-4qinso,,
accounts.uber.com (jotter20@icloud.com),https://accounts.uber.com/,jotter20@icloud.com,raxvox-Rurzaz-4qinso,,
login.uber.com (jotter20@icloud.com),https://login.uber.com/,jotter20@icloud.com,Reader16,,
connect.ubisoft.com (jotter20@icloud.com),https://connect.ubisoft.com/,jotter20@icloud.com,24J-V6(-QjL-REZ,,
account.ubisoft.com (jotter20@icloud.com),https://account.ubisoft.com/,jotter20@icloud.com,24J-V6(-QjL-REZ,,
ucan.co (joel.carlson),https://ucan.co/,joel.carlson,jufhon-2zirdy-sycvyK,,
mychart.uchealth.org (JDCoTx),https://mychart.uchealth.org/,JDCoTx,nefted-3wYnsi-pomzek$,,
login.ultipro.com (cjoeld2024@gmail.com),https://login.ultipro.com/,cjoeld2024@gmail.com,qycviv-zarna9-pIctun,,
recruiting2.ultipro.com (cjoeld2024@gmail.com),https://recruiting2.ultipro.com/,cjoeld2024@gmail.com,qycviv-zarna9-pIctun,,
signin.ultipro.com (cjoeld2024@gmail.com),https://signin.ultipro.com/,cjoeld2024@gmail.com,qycviv-zarna9-pIctun,,
www.underarmour.com (jflashdc@outlook.com),https://www.underarmour.com/,jflashdc@outlook.com,1wixhIzhehmez8vafki$,,
www-prod.underarmour.com (jflashdc@outlook.com),https://www-prod.underarmour.com/,jflashdc@outlook.com,1wixhIzhehmez8vafki$,,
www.underarmour.com (jotter20@icloud.com),https://www.underarmour.com/,jotter20@icloud.com,mapvyr-tewvaf-vatsI8,,
www.united.com (cjoeld2024@gmail.com),https://www.united.com/,cjoeld2024@gmail.com,gabhew-givjoq-5Nuhjo,,
www.united.com (NNL21533),https://www.united.com/,NNL21533,ducmah-bawce1-zithEg,,
coloradomesa.universitytickets.com (Joel.carlson@western.edu),https://coloradomesa.universitytickets.com/,Joel.carlson@western.edu,$Reader21,,
www.urbanoutfitters.com (jotter20@icloud.com),http://www.urbanoutfitters.com/,jotter20@icloud.com,diqko5-daxQyz-giwgiq,,
www.urbanoutfitters.com (jotter20@icloud.com),https://www.urbanoutfitters.com/,jotter20@icloud.com,diqko5-daxQyz-giwgiq,,
msproxy.vcschools.org (jcarlson20),http://msproxy.vcschools.org/,jcarlson20,pHa8He7U,,
ps.vcschools.org (jcarlson20),https://ps.vcschools.org/,jcarlson20,pHa8He7U,,
ms.vcschools.org (jcarlson20),http://ms.vcschools.org/,jcarlson20,pHa8He7U,,
hsproxy.vcschools.org (jcarlson20),http://hsproxy.vcschools.org/,jcarlson20,pHa8He7U,,
hsproxy.vcschools.org (jcarlson20@student.vcschools.org),http://hsproxy.vcschools.org/,jcarlson20@student.vcschools.org,pHa8he7U,,
ps.vcschools.org (jcarlson20@student.vcschools.org),https://ps.vcschools.org/,jcarlson20@student.vcschools.org,pHa8He7U,,
venmo.com (5624549231),http://venmo.com/,5624549231,kekny8-xawtaj-kiSvur,,
venmo.com (5624549231),https://venmo.com/,5624549231,kekny8-xawtaj-kiSvur,,
myaccount.vitalsource.com (jflashdc@outlook.com),https://myaccount.vitalsource.com/,jflashdc@outlook.com,kogjIx-6gudgi-dydhof,,
alibris.vitalsource.com (jflashdc@outlook.com),https://alibris.vitalsource.com/,jflashdc@outlook.com,kogjIx-6gudgi-dydhof,,
online.vitalsource.com (joel.carlson@western.edu),https://online.vitalsource.com/,joel.carlson@western.edu,$Reader21,,
vividseats.com (jotter20@icloud.com),http://vividseats.com/,jotter20@icloud.com,Reader20,,
www.walmart.com (jotter20@icloud.com),http://www.walmart.com/,jotter20@icloud.com,wwQvZCZeB5UT,,
na.wargaming.net (jflashdc@outlook.com),https://na.wargaming.net/,jflashdc@outlook.com,Reader12,,
eu.wargaming.net (jflashdc@outlook.com),https://eu.wargaming.net/,jflashdc@outlook.com,Reader12,,
www.wayfair.com (jflashdc@outlook.com),https://www.wayfair.com/,jflashdc@outlook.com,!^8:+S;K_@cru8q,,
www.websitebuilder.com (jcarlson20@student.vcschools.org),https://www.websitebuilder.com/,jcarlson20@student.vcschools.org,XG2-hpx-5Tb-3A9,,
connect.secure.wellsfargo.com (436),https://connect.secure.wellsfargo.com/,436,5632,,
icomplete.wellsfargo.com (Jflashcatx),https://icomplete.wellsfargo.com/,Jflashcatx,wevpix-gemdy7-ziXcyf,,
apply.wellsfargo.com (Jflashcatx),https://apply.wellsfargo.com/,Jflashcatx,wevpix-gemdy7-ziXcyf,,
connect.secure.wellsfargo.com (Jflashcatx),https://connect.secure.wellsfargo.com/,Jflashcatx,wevpix-gemdy7-ziXcyf,,
www.wellsfargo.com (Jflashcatx),https://www.wellsfargo.com/,Jflashcatx,wevpix-gemdy7-ziXcyf,,
oam.wellsfargo.com (Jflashcatx),https://oam.wellsfargo.com/,Jflashcatx,wevpix-gemdy7-ziXcyf,,
wellsfargoadvisors.com (Jflashcatx),https://wellsfargoadvisors.com/,Jflashcatx,wevpix-gemdy7-ziXcyf,,
sts.western.edu (joel.carlson@sachristian.org),https://sts.western.edu/,joel.carlson@sachristian.org,movroh-2pambU-rosvof,,
apps.western.edu (joel.carlson@western.edu),https://apps.western.edu/,joel.carlson@western.edu,Reader20,,
bookstore.western.edu (joel.carlson@western.edu),https://bookstore.western.edu/,joel.carlson@western.edu,Reader20,,
housing.western.edu (joel.carlson@western.edu),https://housing.western.edu/,joel.carlson@western.edu,Reader20,,
banssb.western.edu (joel.carlson@western.edu),https://banssb.western.edu/,joel.carlson@western.edu,movroh-2pambU-rosvof,,
prodidentity.western.edu (joel.carlson@western.edu),https://prodidentity.western.edu:9443/,joel.carlson@western.edu,movroh-2pambU-rosvof,,
sts.western.edu (joel.carlson@western.edu),https://sts.western.edu/,joel.carlson@western.edu,movroh-2pambU-rosvof,,
banssb.western.edu (Stu686191),https://banssb.western.edu/,Stu686191,Reader20,,
its.western.edu (Stu686191),https://its.western.edu/,Stu686191,Reader20,,
prodidentity.western.edu (Stu686191),https://prodidentity.western.edu:9443/,Stu686191,Reader20,,
print.western.edu (Stu686191),https://print.western.edu/,Stu686191,Reader20,,
wcloud.western.edu (Stu686191),https://wcloud.western.edu/,Stu686191,Reader20,,
bookstore.western.edu (Stu686191),https://bookstore.western.edu/,Stu686191,Reader20,,
sts.western.edu (Stu686191),https://sts.western.edu/,Stu686191,Reader20,,
clearpass.western.edu (Stu686191),https://clearpass.western.edu/,Stu686191,Reader20,,
housing.western.edu (Stu686191),https://housing.western.edu/,Stu686191,Reader20,,
remote.western.edu (Stu686191),https://remote.western.edu/,Stu686191,Reader20,,
password.western.edu (Stu686191),https://password.western.edu/,Stu686191,movroh-2pambU-rosvof,,
sts.western.edu (wsc\Stu686191),https://sts.western.edu/,wsc\Stu686191,movroh-2pambU-rosvof,,
whentowork.com (DjoelC),https://whentowork.com/,DjoelC,nipreh-5qimba-sijSug,,
www7.whentowork.com (DjoelC),https://www7.whentowork.com/,DjoelC,nipreh-5qimba-sijSug,,
whoop.com (jflashdc@outlook.com),http://whoop.com/,jflashdc@outlook.com,zuski1-mifkar-Nowryr,,
app.whoop.com (jflashdc@outlook.com),https://app.whoop.com/,jflashdc@outlook.com,zuski1-mifkar-Nowryr,,
shop.whoop.com (jflashdc@outlook.com),https://shop.whoop.com/,jflashdc@outlook.com,zuski1-mifkar-Nowryr,,
join.whoop.com (jotter20@icloud.com),https://join.whoop.com/,jotter20@icloud.com,gurfuq-gybhU6-koqdyd,,
app.whoop.com (jotter20@icloud.com),https://app.whoop.com/,jotter20@icloud.com,gurfuq-gybhU6-koqdyd,,
www.wired.com (jflashdc@outlook.com),https://www.wired.com/,jflashdc@outlook.com,borkyk-cyVdos-7vufny,,
workflow.is (jotter20@icloud.com),http://workflow.is/,jotter20@icloud.com,tIsxug-qejvos-qocsi1,,
walkons.worldmanager.com (cjoeld2024@gmail.com),https://walkons.worldmanager.com/,cjoeld2024@gmail.com,Nyrteq-0dorxu-gusxud,,
walkons.worldmanager.com (Jcarlson),https://walkons.worldmanager.com/,Jcarlson,Nyrteq-0dorxu-gusxud,,
wotguru.com (jflashfire15),http://wotguru.com/,jflashfire15,Reader12,,
teamenigma.wowalliances.com (jcarlson20@student.vcschools.org),http://teamenigma.wowalliances.com/,jcarlson20@student.vcschools.org,h2J-EkQ-SQW-JoQ,,
ncia.wwnorton.com (joel.carlson@western.edu),https://ncia.wwnorton.com/,joel.carlson@western.edu,xUnma6-zidxij-ropged,,
subs.youmaker.com (jotter20@icloud.com),https://subs.youmaker.com/,jotter20@icloud.com,qofto5-fakcAm-hafjef,,
builder.zety.com (cjoeld2024@gmail.com),https://builder.zety.com/,cjoeld2024@gmail.com,pes-vys-7eP-zZf,,
www.zillow.com (cjoeld2024@gmail.com),https://www.zillow.com/,cjoeld2024@gmail.com,jidpI5-keknoj-jiksak,,
www.zinio.com,https://www.zinio.com/,,Reader12,,
zoeskitchen.com,https://zoeskitchen.com/,,cuzKiz-xozxec-8dydsi,,
us04web.zoom.us (Carlson),https://us04web.zoom.us/,Carlson,rewwoQ-nukhaq-regsa4,,
123movies.is (jotter20@icloud.com),https://123movies.is/,jotter20@icloud.com,Reader16,,
1se.co (jotter20@icloud.com),https://1se.co/,jotter20@icloud.com,tekduj-6nunmi-Tygpep,,
